name,contact_date,phone_email,neighbourhood,vacancies
Tiny Stars Licensed Family Child Care,September 25,604-724-6886 olivera.roncevic@novusco m.net,Yaletown,Full-time / Part-time spot available for 12 months to 3 years old starting October 15th
Niki Child Care (RLNR),September 25,604-742-0670 236-330-0926 farah_ghadirly@yahoo.ca,South Cambie,"1 spot 6 months to 3 years old starting this week. Friday, Saturday and Sunday 8 am to 8 pm"
Play and Learn Montessori In-Home Multi-Age Child Care,September 25,778-996-8019,Sunset,"2 spots for 30 months and over 2 spots under 30 months *Care provider speaks English, Russian and Ukraine"
Tweety Blue Bird Multi Age Child Care,September 24,tweetybluebirdchildcare@ gmail.com,Kitsilano,Spot for 2.5 to 4 years old
Happy House In- Home Muti-Age Child Care,September 24,604- 803 -8325 farhana.hossain197423@g mail.com,Sunset,1 spot available for 3-5 years old
Oasis Montessori Academy (Group Child Care 30 months to 5 years old),September 24,604-928-0951,Fairview,Spots available for 30 months to 5 years old
Nini Licensed Family Child Care,September 23,604-704-2941,Sunset,"Spots available for 1 year old and over from Monday to Friday, 7:30am to 5pm *CCFRI approved and accepts ACCB*"
Young Stars In-Home Multi-Age Child Care,September 22,604-889-0795,Oakridge,"2 spots available for 13 months to 5 years old *After school care available for Sir William Osler Elementray ONLY, provide pick up service"
Home Sweet Home Licensed Family Child Care,September 22,604- 619- 0331,Mount Pleasant,2 spots available for 2.5 to 5 years old
Ma Montessori Daycare & Preschool,September 21,236-986-9760,Renfrew-Collingwood,3 spots available for 2.5 years to 3.5 years old
Eco Bear In-Home Multi-Age Child Care,September 21,ecobeardaycare@ gmail.com,Kitsilano,*Waitlist Open for November 2026*
Little Star Licensed Family Child Care,September 21,604-253-4255,Grandview-Woodland,3 spots available for 2 years old and over
DragonFly Licensed Family Child Care,September 18,604-767-4749 mliloigy@gmail.com,Yaletown,1 spot available starting October 1st
Lu’s Child Care (RLNR),September 18,604 710 1861 ludingodinez@gmail.com,Renfrew-Collingwood,1 spot available for 12 months and over
Lady Bug Licensed Family Child Care,September 18,604-681-2967 acimov25@telus.net,West End,1 spot available immediately for 18moths and over
Little Stars Child Care Center,September 18,778-889-9650,Sunset,1 spot available starting in October for under 3 years old
$10 a Day ChildCareBC Centre - Britannia on East 7th,September 18,Fastoche - Britannia East 7th Please submit application online naoko.khan@vancouver.ca,Mount Pleasant,"6 temporary spots available for 3-5 years old, from now till August 31, 2027"
Everyday Sunshine Licensed Family Child Care,September 18,604-754-7238,Olympic Village area,2 spots available for 1 to 4 years old
Lovey's Little Angels Day Care In-Home Multi-Age Child Care,September 17,604-215-2214,Sunset,"1 spot available for 1 year to 2 years old, and 2 spots available for 3-5 years old. Spots available for extended childcare and overnight care"
Precious Moments Licensed Family Child Care,September 17,604-325-1312,West End,2 Full-time or Part-time spots available for 1-2.5 years old starting in October and November. Drop-in care available for any age on Saturdays only
Maple House Academy (Group Child Care under 3),September 17,604-275-6666,Dunbar-Southlands,• 2 full-time spaces for 0–18 months • 1 full-time space for 18–36 months Spots available in October
Twins Fun Time Licensed Family Child Care,September 17,604-446-3533,Renfrew-Collingwood,1 spot available for 4 years old and over
Bean Sprouts Multi-Age Child Care,September 17,604-722-6426,Renfrew-Collingwood,1 Full time spot available for 30 months or older starting October 1st (Bilingual English and Spanish program).
Bambi World Licensed Family Child Care,September 16,604-602-0224,Fairview,"1 spot for 1 year old and over starting on December 1, 2016"
Little Semlin Montessori,September 16,604-620-9166,Grandview-Woodland,1 spot for 3-5 years old
Global Montessori Centre,September 15,angelaj@globalmontesso ricenter.com https://globalmontessoric enter.ca/ 604-558-1150,Marpole,1 spot available for under 3 starting in October 2026
Sunny House Licensed Family Child Care,September 15,778-823-4045,West End,Spot available for any age
Smiley Daycare Boundary,September 14,info@smileydaycare.com,Hastings-Sunrise,1 spot starting October for under 3 years old
Moberly Childcare Centre (under 3),September 14,778-895-3185,Sunset (7751 Prince Albert Street),1 spot available for under 3 years old starting in November
Moberly Childcare Learning Centre (under 3),September 14,778-955-2743,Sunset (700 East 59th Avenue),"1 spot available starting in October, 2 spots available in November, all for under 3 years old"
Mooloo’s Learning Centre (under 3),September 14,778-867-3185,Sunset,1 spot available in October for under 3 years old
Champlain Heights Community Centre,September 11,604-718-6575,Killarney,Weekend Childcare spots available for school age children only. (8AM-6PM) Register through the link below https://anc.ca.apm.activ ecommunities.com/vanc ouver/activity/search/det ail/603319?onlineSiteId= 0&from_original_cui=tru e
Rainbow Child Care (RLNR),September 11,778-681-4161,West End,2 spots available for 0-5 years old. Provider has ECE Certificate Monday to Friday 8am to 5pm Extended care & Weekend care available
Sweet Angels Licensed Family Child Care,September 11,778-991-1415 psweetangels@gmail.com,Kensington-Cedar Cottage,1 spot for 1 year old and older 1 spot for 2 years old and older
Monkeying Around Licensed Family Child Care,September 11,(604)773-8206,West End,1 sport available starting November
Little Monsters Academy,September 10,778-522-9406 info@littlemonsters.ca,Sunset & Kensington-Cedar Cottage (2 locations),Spots available for 2 locations Mornings (8am-12pm) & Afternoons (12:30-4:30pm) for 3-5 years old
Rainbow Day Licensed Family Child Care,September 9,236-777-6751 rainbowday4u@yahoo.com,Mount Pleasant,1 spot for 48 months old and over 1 spot for 24 months to 36 months old
Nadi’s Licensed Family Child Care,September 9,604-689-1066,West End,2 spots available for 1.5 years old to 5 years old
Berwick Child Development Centre,September 8,Berwick@develop.bc.ca,UBC,Spots available for 3-5 years old at the half day program 9:00am to 2:00pm Monday to Friday
IKOKA Child Care Learning Center,September 8,ikokachildcarecenter@outl ook.com,Sunset,2 full-time spots for 3 years old and older 1 temporary spot for October to December
Langara Learning Centre (Group Child Cares for under 3),September 3,778-889-9654,Sunset,Spots available for 3 years old and younger
Oasis Montessori Academy (Group Child care for 3-5),September 3,604-928-0951,Fairview,4 spots available for 3-5 years old
Panda Licensed Family Child Care,September 3,604-727-7269,Kitsilano,1 spot available for 1 year old and over
Suzy Child Care (RLNR),September 2,604-721-5445 susanayaz2019@gmail.com,Kitsilano,1 spot available starting October for 9 to 30 months Extended hours (Saturday and Sunday and M-F in the late afternoon)
University Hill Preschool,September 2,604-228-8610 universityhillpreschool@g mail.com www.universityhillprescho ol.com *4x Prime Minister’s Award Winner (Excellence in Early Childhood Education),UEL/UBC,"Offer a combined 3 and 4- year-old program from Monday through Thursday, 8:30 a.m. to 12:30 p.m, Family may also enrol their children in the Lunch Club from 12:30 – 1:30pm. For an additional fee of $125 per month."
Marpole Oakridge Family Place Play and Learn Preschool,September 2,604-263-1405,Marpole,5 spots available for 3-5 years old
New Hope Child Care (3 years to 5 years old) Group Child Care,September 2,604-321-6125,Victoria-Fraserview area,3 spots available for 3-5 years old
Pebbles and Piaget Early Learning Kingsway,September 2,604-620-3121,Killarney,Spots available in their over 3 programs
Discover Possibilities Child Care,September 2,604-336-6488 dpcc2202@gmail.com,Renfrew- Collingwood,1 spot available for 30 months and over
Peninsula Montessori Academy,September 1,778-994-1288,South Cambie,"2 spots available for 3-5 years old for South Cambie location, and 1 spot available for 3-5 years old for Kensington-Cedar Cottage location"
Aida Place Licensed Family Child Care,August 31,778-881-7702,West End,1 spot for 1 year old and older 1 spot for 2 years old and older
Honey In-Home Multi-Age Child Care,August 28,778-999-1521,Renfrew-Collingwood,1 spot available
Langara Learning Centre (Group Child Care for under 3),August 28,778-889-9654,Sunset,1 spot available for 8 months to 3 years old starting in September
House of Montessori Daycare (Multi- Age Child Care),August 28,info.daycare09@yahoo.co m *Prefer to be contacted by email,Victoria-Fraserview,"2 spots available for 1 year old and over part-time, full-time and drop-in available"
Langara Stars Multi-Age Daycare,August 26,778-865-4842,Marpole,2 spots available for 2 years old and over
Tweety Blue Bird III,August 26,tweetybluebirdmain@gmai l.com,Sunset,2 spots for 2-5 years old
Oh! Petits Pieds Child Care (RLNR),August 25,778-814-5284,Mount Pleasant,1 spot available for 10 months old and over Monday – Friday 8am-4:30pm
Kenagnes Licensed Family Child Care,August 25,779-329-2525,Sunset,Spots available for any age
Tiny Little Duckies Licensed Family Child Care,August 24,604-327-7827,Sunset,Spots available for 1 year old -5 years old *ACCB available* Monday- Friday
Happy Times In-Home Multi Age Child Care,August 24,778-688-9775,Kensington-Cedar Cottage,4 spots for 2 years old and older
Plum Treehouse In-Home Multi-Age Child Care,August 16,236-863-3791,Dunbar-Southlands,spots available for 30 months to 5 years old. Provide before- and after- school care.
1st Ave Montessori Licensed Family Child Care,August 12,604-879-0224,Kitsilano,1 spot available for under 2 years old 1 spot for 2 years old and over
Anahid In-Home Multi-Age Child Care,August 13,778-373-0329,Downtown,"1 spot available for 1 year old and over, 2 spots available for 2.5 years old and over."
St. James Day Care Center,August 12,teachers@stjamesdaycare. com,Kitsilano,Spots available for 3 years old and over
Yaletown Play to Learn Licensed Family Child Care,August 10,604-805-3825,Downtown,2 Part-time spot for 18 months and over starting September 15th *Monday & Tuesday only*
Lobat’s Place Licensed Family Child Care,August 10,604-719-6798,Kitsilano,3 spaces available for 18 months and over
Cozy Childcare (Group Child Care),August 10,778-237-0035,Kitsilano,1 spot for 3-5 years old
